<?xml version="1.0" encoding="UTF-8" standalone="yes"?>
<addon id="repository.huyphu"
    name="[COLOR e25d62ff]H[/COLOR]uy [COLOR e5bc86ff]P[/COLOR]hu Repository"
    version="1.0.0"
    provider-name="NguyenYustar@HuyPhu">
    <requires>
        <import addon="xbmc.addon" version="12.0.0" />
    </requires>
    <extension point="xbmc.addon.repository"
        name="[COLOR e25d62ff]H[/COLOR]uy [COLOR e5bc86ff]P[/COLOR]hu Repository">
        <info compressed="false">https://raw.githubusercontent.com/huyphu/kodi/master/addons/addons.xml</info>
        <checksum>https://raw.githubusercontent.com/huyphu/kodi/master/addons/addons.xml.md5</checksum>
        <datadir zip="true">https://raw.githubusercontent.com/huyphu/kodi/master/addons</datadir>
        <<hashes>true</hashes>
    </extension>
    <extension point="xbmc.addon.metadata">
        <summary lang="en"><![CDATA[Official [COLOR e25d62ff]H[/COLOR]uy [COLOR e5bc86ff]P[/COLOR]hu Repository]]></summary>
        <description lang="en"><![CDATA[Official [COLOR e25d62ff]H[/COLOR]uy [COLOR e5bc86ff]P[/COLOR]hu Repository contains all Kodi/XBMC addons collection by Huy Phu. All addons had tested, quality checked and updated.]]></description>
        <disclaimer lang="en"><![CDATA[The content contained in this repository is for general purposes only. We're not reposible for contents are not provided by Huy Phu.]]></disclaimer>
        <platform>all</platform>
    </extension>
</addon>
