<?xml version="1.0" encoding="UTF-8" standalone="yes"?>
<addon id="repository.huyphu"
    name="[COLOR ffe25d62]H[/COLOR]uy [COLOR ffe5bc86]P[/COLOR]hu Repository"
    version="1.0.0"
    provider-name="NguyenYustar@HuyPhu">
    <requires>
        <import addon="xbmc.addon" version="12.0.0" />
    </requires>
    <extension point="xbmc.addon.repository"
        name="[COLOR ffe25d62]H[/COLOR]uy [COLOR ffe5bc86]P[/COLOR]hu Repository">
        <info compressed="true">https://github.com/huyphu/kodi/raw/master/addons.xml</info>
        <checksum>https://github.com/huyphu/kodi/raw/master/addons.xml.md5</checksum>
        <datadir zip="true">https://github.com/huyphu/kodi/raw/master/zips</datadir>
        <hashes>true</hashes>
    </extension>
    <extension point="xbmc.addon.metadata">
        <summary>Official [COLOR ffe25d62]H[/COLOR]uy [COLOR ffe5bc86]P[/COLOR]hu Repository</summary>
        <description>[COLOR ffe25d62]H[/COLOR]uy [COLOR ffe5bc86]P[/COLOR]hu Repository contains all Kodi/XBMC addons collection by Huy Phu. All addons had tested, quality checked and updated.</description>
        <language>en</language>
        <platform>all</platform>
        <disclaimer lang="en">The content contained in this repository is for general purposes only. We're not reposible for contents are not provided by Huy Phu.</disclaimer>
        <license>GNU General Public License - v2</license>
        <source>https://github.com/huyphu/kodi</source>
        <email>lienhe@huyphu.com</email>
    </extension>
</addon>
